text,category
road par bada gadha hai,Road
sadak toot gayi hai bahut gaddhe hain,Road
pothole ki wajah se accident ho raha hai,Road
road ki halat bahut kharab hai,Road
highway par gaddhe hain gaadi fas gayi,Road
sadak par daraar padi hai,Road
speed breaker bahut ooncha hai,Road
road repair karwao jaldi,Road
gali ki sadak ukhad gayi hai,Road
footpath toota hua hai,Road
kachra nahi uthaya gaya do din se,Garbage
gali mein kachre ka dher laga hai,Garbage
garbage van nahi aa rahi,Garbage
kuda dustbin se bahar gir raha hai,Garbage
kachre se badbu aa rahi hai,Garbage
safai nahi hui hai ilaake mein,Garbage
nali ke paas gandagi failee hai,Garbage
sadak par kachra jala diya gaya,Garbage
dustbin bhar gaya hai khaali karo,Garbage
market mein bahut gandagi hai,Garbage
paani nahi aa raha subah se,Water
pipeline leak ho rahi hai,Water
nal se gandha paani aa raha hai,Water
paani ki supply band hai teen din se,Water
pani ka pressure bahut kam hai,Water
pipe fat gaya hai paani beh raha hai,Water
tanki ka paani gandha hai,Water
drainage jam hai paani bhar gaya,Water
sewer ka paani sadak par beh raha hai,Water
borewell kharab ho gaya hai,Water
street light kharab hai raat ko andhera rehta hai,Electricity
bijli ka khamba gir gaya hai,Electricity
light nahi aa rahi do ghante se,Electricity
transformer se spark nikal raha hai,Electricity
bijli ke taar latak rahe hain,Electricity
lamp post band padi hai,Electricity
voltage bahut low hai,Electricity
meter kharab hai bill zyada aaya,Electricity
khule taar se current ka khatra hai,Electricity
poori gali ki light band hai,Electricity

rasto tuti gayo chhe,Road
rasta ma khadda padya chhe,Road
khadda ne lidhe accident thay chhe,Road
rasto bahu kharab chhe,Road
gadi khadda ma fasai gai chhe,Road
rasta nu repair karo,Road
kachro uthavyo nathi,Garbage
gali ma kachra no dhagla chhe,Garbage
kachra ni gaadi aavti nathi,Garbage
kachra ni durgandh aave chhe,Garbage
safai thai nathi,Garbage
dustbin bharai gayu chhe,Garbage
pani aavtu nathi,Water
pani nu pipe tuti gayu chhe,Water
nal ma gandu pani aave chhe,Water
pani no pressure bahu ochho chhe,Water
gatar bhari gai chhe,Water
gatar nu pani rasta par vahe chhe,Water
street light band chhe andharu chhe,Electricity
vij gai chhe be kalak thi,Electricity
vij no thambhlo padi gayo chhe,Electricity
vij na taar latke chhe,Electricity
light aavti nathi,Electricity
vij no voltage bahu ochho chhe,Electricity